no_pelanggan,juli,agustus,september,oktober,tanggal_terakhir_bayar,periode_bayar_terakhir,status
PS000001,0,0,0,0,08/10/2024,01/10/2024,Aktif
PS000002,0,0,0,0,08/10/2024,01/10/2024,Aktif
PS000003,0,0,0,0,18/05/2022,01/04/2022,Putus
PS000004,0,0,0,0,08/10/2024,01/10/2024,Aktif
PS000005,200000,200000,200000,200000,10/10/2024,01/10/2024,Aktif
PS000006,175000,175000,175000,175000,11/10/2024,01/10/2024,Aktif
PS000007,175000,175000,175000,175000,08/10/2024,01/10/2024,Aktif
PS000008,0,0,0,0,13/08/2022,01/08/2022,Putus
PS000009,0,0,0,0,03/05/2023,01/05/2023,Putus
PS000010,200000,200000,200000,200000,06/10/2024,01/10/2024,Aktif
PS000011,0,0,0,0,16/09/2022,01/09/2022,Putus
PS000012,0,0,0,0,22/09/2021,01/09/2021,Putus
PS000013,200000,200000,200000,200000,08/10/2024,01/10/2024,Aktif
PS000014,175000,175000,175000,175000,10/10/2024,01/10/2024,Aktif
PS000015,0,0,0,0,12/01/2022,01/01/2022,Putus
PS000016,225000,225000,225000,225000,09/10/2024,01/10/2024,Aktif
PS000017,175000,175000,175000,175000,05/10/2024,01/10/2024,Aktif
PS000018,175000,175000,175000,175000,09/10/2024,01/10/2024,Aktif
PS000019,175000,175000,175000,175000,11/10/2024,01/10/2024,Aktif
PS000020,175000,175000,175000,175000,10/10/2024,01/10/2024,Aktif
PS000021,175000,175000,175000,175000,09/10/2024,01/10/2024,Aktif
PS000022,175000,175000,175000,175000,01/11/2024,01/11/2024,Aktif
PS000023,175000,175000,175000,175000,31/10/2024,01/11/2024,Aktif
PS000024,0,0,0,0,09/10/2023,01/10/2023,Putus
PS000025,175000,175000,175000,175000,01/11/2024,01/11/2024,Aktif Kembali
PS000026,225000,225000,225000,225000,10/10/2024,01/10/2024,Aktif
PS000027,0,0,0,0,10/01/2023,01/01/2023,Putus
PS000028,175000,175000,175000,175000,10/10/2024,01/10/2024,Aktif
PS000029,175000,175000,175000,175000,10/10/2024,01/10/2024,Aktif
PS000030,175000,175000,175000,175000,11/10/2024,01/10/2024,Aktif
PS000031,175000,175000,175000,175000,25/10/2024,01/10/2024,Aktif
PS000032,175000,175000,175000,175000,11/10/2024,01/10/2024,Aktif Kembali
PS000033,0,0,0,0,09/10/2022,01/10/2022,Putus
PS000034,175000,175000,175000,175000,10/10/2024,01/10/2024,Aktif
PS000035,175000,175000,175000,175000,09/10/2024,01/10/2024,Aktif
PS000036,0,0,0,0,10/07/2023,01/07/2023,Putus
PS000037,0,0,0,0,11/07/2022,01/07/2022,Putus
PS000038,175000,175000,175000,175000,11/10/2024,01/10/2024,Aktif Kembali
PS000039,175000,175000,175000,175000,10/10/2024,01/10/2024,Aktif
PS000040,175000,175000,175000,175000,11/10/2024,01/10/2024,Aktif
PS000041,175000,175000,175000,175000,10/10/2024,01/10/2024,Aktif
PS000042,175000,175000,175000,175000,10/10/2024,01/10/2024,Aktif
PS000043,175000,175000,175000,175000,10/10/2024,01/10/2024,Aktif
PS000044,0,0,0,0,15/05/2022,01/05/2022,Putus
PS000045,175000,175000,175000,175000,02/11/2024,01/11/2024,Aktif
PS000046,0,0,0,0,11/04/2022,01/04/2022,Putus
PS000047,0,0,0,0,12/08/2022,01/08/2022,Putus
PS000048,0,0,0,0,23/12/2022,01/12/2022,Putus
PS000049,175000,0,0,0,10/07/2024,01/07/2024,Putus
PS000050,0,0,0,0,11/08/2022,01/08/2022,Putus
PS000051,175000,175000,175000,175000,04/11/2024,01/11/2024,Aktif
PS000052,175000,175000,175000,175000,11/10/2024,01/10/2024,Aktif
PS000053,0,0,0,0,11/03/2023,01/03/2023,Putus
PS000054,175000,175000,175000,175000,10/10/2024,01/10/2024,Aktif
PS000055,0,0,0,0,11/05/2022,01/05/2022,Putus
PS000056,0,0,0,0,11/08/2022,01/08/2022,Putus
PS000057,175000,175000,175000,175000,09/10/2024,01/10/2024,Aktif
PS000058,0,0,0,0,10/07/2023,01/07/2023,Putus
PS000059,175000,175000,175000,175000,09/10/2024,01/10/2024,Aktif
PS000060,175000,175000,175000,175000,11/10/2024,01/10/2024,Aktif
PS000061,0,0,0,0,10/03/2024,01/03/2024,Putus
PS000062,175000,175000,175000,175000,10/01/2022,01/01/2022,Putus
PS000063,0,0,0,0,08/12/2021,01/12/2021,Putus
PS000065,175000,175000,175000,175000,09/10/2024,01/10/2024,Aktif
PS000067,0,0,0,0,13/12/2021,01/12/2021,Putus
PS000068,175000,175000,175000,175000,11/10/2024,01/10/2024,Aktif
PS000069,0,0,0,0,08/10/2024,01/10/2024,Aktif
PS000070,200000,200000,200000,200000,10/10/2024,01/10/2024,Aktif
PS000071,0,0,0,0,11/04/2023,01/04/2023,Putus
PS000072,0,0,0,0,10/07/2023,01/07/2023,Putus
PS000073,0,0,0,0,11/07/2022,01/07/2022,Putus
PS000074,0,0,0,0,15/02/2023,01/02/2023,Putus
PS000075,0,0,0,0,10/01/2022,01/01/2022,Putus
PS000076,0,0,0,0,11/04/2022,01/04/2022,Putus
PS000077,175000,175000,175000,175000,08/10/2024,01/10/2024,Aktif
PS000078,175000,175000,175000,175000,03/11/2024,01/11/2024,Aktif
PS000079,175000,175000,175000,175000,03/11/2024,01/11/2024,Aktif
PS000081,150000,150000,150000,150000,12/10/2024,01/10/2024,Aktif
PS000082,0,0,0,0,11/06/2022,01/06/2022,Putus
PS000083,0,0,0,0,11/06/2022,01/06/2022,Putus
PS000084,0,0,0,0,13/06/2022,01/06/2022,Putus
PS000085,0,0,0,0,10/07/2023,01/07/2023,Putus
PS000086,0,0,0,0,16/06/2022,01/06/2022,Putus
PS000087,0,0,0,0,11/04/2022,01/04/2022,Putus
PS000088,175000,175000,175000,175000,08/10/2024,01/10/2024,Aktif
PS000089,0,0,0,0,10/05/2022,01/05/2022,Putus
PS000090,175000,175000,175000,175000,12/10/2024,01/10/2024,Aktif
PS000091,0,0,0,0,09/06/2022,01/06/2022,Putus
PS000092,175000,175000,175000,175000,09/10/2024,01/10/2024,Aktif
PS000093,0,0,0,0,10/07/2023,01/07/2023,Putus
PS000094,175000,175000,175000,175000,08/10/2024,01/10/2024,Aktif
PS000095,150000,150000,150000,150000,05/10/2024,01/10/2024,Aktif
PS000096,175000,175000,175000,175000,09/10/2024,01/10/2024,Aktif
PS000097,175000,175000,175000,175000,08/10/2024,01/10/2024,Aktif
PS000098,0,0,0,0,10/07/2023,01/07/2023,Putus
PS000099,150000,150000,150000,150000,10/10/2024,01/10/2024,Aktif
PS000100,0,0,0,0,10/06/2022,01/06/2022,Putus
PS000101,175000,175000,175000,175000,02/11/2024,01/11/2024,Aktif
PS000102,0,0,0,0,24/10/2022,01/10/2022,Putus
PS000103,175000,175000,175000,175000,11/10/2024,01/10/2024,Aktif
PS000104,0,0,0,0,10/08/2023,01/08/2023,Putus
PS000106,0,0,0,0,12/04/2022,01/04/2022,Putus
PS000107,175000,0,0,0,10/07/2024,01/07/2024,Putus
PS000108,175000,175000,175000,175000,10/10/2024,01/10/2024,Aktif
PS000109,0,0,0,0,10/10/2022,01/10/2022,Putus
PS000110,0,0,0,0,10/08/2022,01/08/2022,Putus
PS000111,0,0,0,0,15/06/2022,01/06/2022,Putus
PS000112,0,0,0,0,14/07/2022,01/07/2022,Putus
PS000113,0,0,0,0,12/04/2022,01/04/2022,Putus
PS000114,175000,175000,175000,175000,04/10/2024,01/10/2024,Aktif
PS000115,0,0,0,0,10/11/2022,01/11/2022,Putus
PS000116,175000,175000,175000,175000,08/10/2024,01/10/2024,Aktif
PS000118,0,0,0,0,21/07/2022,01/07/2022,Putus
PS000119,0,0,0,0,12/05/2022,01/05/2022,Putus
PS000120,0,0,0,0,-,-,Putus
PS000121,175000,175000,175000,175000,10/10/2024,01/10/2024,Aktif
PS000122,0,0,0,0,10/07/2022,01/07/2022,Putus
PS000123,150000,150000,150000,150000,11/10/2024,01/10/2024,Aktif
PS000124,175000,175000,175000,175000,09/10/2024,01/10/2024,Aktif
PS000125,150000,150000,150000,150000,04/10/2024,01/10/2024,Aktif
PS000126,0,0,0,0,10/06/2023,01/06/2023,Putus
PS000127,175000,175000,175000,175000,11/10/2024,01/10/2024,Aktif
PS000128,0,0,0,0,10/07/2023,01/07/2023,Putus
PS000129,175000,175000,175000,175000,10/10/2024,01/10/2024,Aktif
PS000130,175000,175000,175000,175000,12/10/2024,01/10/2024,Aktif
PS000131,0,0,0,0,10/06/2022,01/06/2022,Putus
PS000132,0,0,150000,150000,11/10/2024,01/10/2024,Aktif Kembali
PS000133,0,0,0,0,11/07/2022,01/07/2022,Putus
PS000134,0,0,0,0,11/11/2023,01/11/2023,Putus
PS000135,0,0,0,0,03/06/2022,01/06/2022,Putus
PS000136,0,0,0,0,04/06/2022,01/06/2022,Putus
PS000137,0,0,0,0,14/12/2022,01/12/2022,Putus
PS000138,175000,175000,175000,175000,09/10/2024,01/10/2024,Aktif
PS000139,175000,0,0,0,10/07/2024,01/07/2024,Putus
PS000140,0,0,0,0,11/12/2023,01/12/2023,Putus
PS000141,175000,175000,175000,175000,10/10/2024,01/10/2024,Aktif
PS000142,0,0,0,0,16/08/2022,01/08/2022,Putus
PS000143,175000,175000,175000,175000,11/10/2024,01/10/2024,Aktif
PS000144,175000,175000,175000,175000,08/10/2024,01/10/2024,Aktif
PS000145,325000,325000,0,0,09/08/2024,01/08/2024,Putus
PS000146,175000,175000,175000,175000,05/10/2024,01/10/2024,Aktif
PS000147,0,0,0,0,13/09/2023,01/09/2023,Putus
PS000148,175000,175000,175000,175000,11/10/2024,01/10/2024,Aktif
PS000149,0,0,0,0,21/07/2023,01/07/2023,Putus
PS000150,175000,175000,175000,175000,05/10/2024,01/10/2024,Aktif
PS000151,0,0,0,0,10/06/2023,01/06/2023,Putus
PS000152,0,0,0,0,15/07/2022,01/07/2022,Putus
PS000153,175000,175000,175000,175000,05/10/2024,01/10/2024,Aktif
PS000154,200000,200000,200000,200000,01/11/2024,01/11/2024,Aktif
PS000155,175000,175000,175000,175000,11/10/2024,01/10/2024,Aktif
PS000156,175000,175000,175000,175000,10/10/2024,01/10/2024,Aktif
PS000157,0,0,0,0,10/12/2022,01/12/2022,Putus
PS000158,0,0,0,0,22/07/2022,01/07/2022,Putus
PS000159,175000,175000,175000,175000,10/10/2024,01/10/2024,Aktif
PS000160,175000,175000,175000,175000,10/10/2024,01/10/2024,Aktif
PS000161,175000,175000,175000,175000,10/10/2024,01/10/2024,Aktif
PS000162,0,0,0,0,10/09/2022,01/09/2022,Putus
PS000163,175000,175000,175000,175000,07/10/2024,01/10/2024,Aktif
PS000164,0,0,0,0,11/06/2023,01/06/2023,Putus
PS000165,0,0,0,0,10/07/2023,01/07/2023,Putus
PS000166,175000,175000,175000,175000,12/10/2024,01/10/2024,Aktif
PS000167,175000,175000,175000,175000,04/11/2024,01/11/2024,Aktif
PS000168,0,0,0,0,02/08/2022,01/08/2022,Putus
PS000169,175000,175000,175000,175000,09/10/2024,01/10/2024,Aktif
PS000170,0,0,0,0,05/02/2023,01/02/2023,Putus
PS000171,0,0,0,0,12/09/2022,01/09/2022,Putus
PS000172,175000,175000,175000,175000,10/10/2024,01/10/2024,Aktif
PS000176,175000,175000,175000,175000,10/10/2024,01/10/2024,Aktif
PS000177,0,0,0,0,05/05/2023,01/05/2023,Putus
PS000178,0,0,0,0,10/06/2023,01/06/2023,Putus
PS000179,325000,325000,325000,325000,05/10/2024,01/10/2024,Aktif
PS000180,175000,175000,175000,175000,10/10/2024,01/10/2024,Aktif
PS000181,0,0,0,0,16/08/2022,01/08/2022,Putus
PS000182,0,0,0,0,08/06/2023,01/06/2023,Putus
PS000183,150000,150000,150000,150000,10/10/2024,01/10/2024,Aktif
PS000184,165000,165000,165000,165000,07/10/2024,01/10/2024,Aktif
PS000185,175000,175000,175000,175000,10/10/2024,01/10/2024,Aktif
PS000186,0,0,0,0,12/01/2023,01/01/2023,Putus
PS000187,0,0,0,0,10/01/2023,01/01/2023,Putus
PS000188,175000,175000,175000,175000,09/10/2024,01/10/2024,Aktif
PS000189,0,0,0,0,10/04/2023,01/04/2023,Putus
PS000190,0,0,0,0,12/09/2022,01/09/2022,Putus
PS000191,0,0,0,0,12/12/2022,01/12/2022,Putus
PS000192,0,0,0,0,18/07/2023,01/07/2023,Putus
PS000193,165000,165000,165000,165000,10/10/2024,01/10/2024,Aktif
PS000194,165000,165000,165000,165000,10/10/2024,01/10/2024,Aktif
PS000195,165000,165000,165000,165000,10/10/2024,01/10/2024,Aktif
PS000196,175000,175000,175000,175000,10/10/2024,01/10/2024,Aktif
PS000197,165000,165000,165000,165000,08/10/2024,01/10/2024,Aktif
PS000198,165000,165000,165000,165000,10/10/2024,01/10/2024,Aktif
PS000199,200000,200000,200000,200000,08/10/2024,01/10/2024,Aktif
PS000200,165000,165000,165000,165000,11/10/2024,01/10/2024,Aktif
PS000201,165000,165000,165000,165000,08/10/2024,01/10/2024,Aktif
PS000202,0,0,0,0,09/04/2024,01/04/2024,Putus
PS000203,225000,225000,225000,225000,11/10/2024,01/10/2024,Aktif
PS000204,165000,165000,165000,165000,30/09/2024,01/09/2024,Aktif
PS000205,165000,165000,165000,165000,05/10/2024,01/10/2024,Aktif
PS000206,0,0,0,0,11/11/2022,01/11/2022,Putus
PS000207,0,0,0,0,30/08/2022,01/08/2022,Putus
PS000208,165000,165000,165000,165000,10/10/2024,01/10/2024,Aktif
PS000209,0,0,0,0,13/12/2022,01/12/2022,Putus
PS000210,175000,175000,175000,175000,09/10/2024,01/10/2024,Aktif
PS000211,175000,175000,175000,175000,10/10/2024,01/10/2024,Aktif
PS000212,175000,175000,175000,175000,07/10/2024,01/10/2024,Aktif
PS000213,0,0,0,0,10/05/2024,01/05/2024,Putus
PS000214,165000,165000,165000,165000,16/10/2024,01/10/2024,Aktif
PS000215,165000,165000,165000,165000,11/10/2024,01/10/2024,Aktif
PS000216,165000,165000,165000,165000,10/10/2024,01/10/2024,Aktif
PS000217,175000,175000,175000,175000,10/10/2024,01/10/2024,Aktif
PS000218,165000,165000,165000,165000,04/11/2024,01/11/2024,Aktif
PS000220,175000,175000,175000,175000,05/10/2024,01/10/2024,Aktif
PS000221,0,0,0,0,11/03/2023,01/03/2023,Putus
PS000222,165000,165000,165000,165000,10/10/2024,01/10/2024,Aktif
PS000223,0,0,0,0,10/04/2023,01/04/2023,Putus
PS000224,0,0,0,0,16/01/2024,01/01/2024,Putus
PS000225,0,0,0,0,23/11/2022,01/11/2022,Putus
PS000226,175000,175000,175000,175000,10/10/2024,01/10/2024,Aktif
PS000227,175000,175000,175000,175000,11/10/2024,01/10/2024,Aktif
PS000228,175000,175000,175000,175000,10/10/2024,01/10/2024,Aktif
PS000229,165000,165000,165000,165000,10/10/2024,01/10/2024,Aktif
PS000230,175000,175000,175000,175000,07/10/2024,01/10/2024,Aktif
PS000231,175000,175000,175000,175000,08/10/2024,01/10/2024,Aktif
PS000232,165000,165000,165000,165000,11/10/2024,01/10/2024,Aktif
PS000233,175000,175000,175000,175000,11/10/2024,01/10/2024,Aktif
PS000234,175000,175000,175000,175000,01/11/2024,01/11/2024,Aktif
PS000235,0,0,0,0,15/07/2023,01/07/2023,Putus
PS000236,0,0,0,0,23/12/2022,01/12/2022,Putus
PS000237,165000,165000,165000,165000,10/10/2024,01/10/2024,Aktif
PS000238,175000,175000,175000,175000,07/10/2024,01/10/2024,Aktif
PS000239,0,0,0,0,12/09/2023,01/09/2023,Putus
PS000240,0,0,0,0,11/08/2023,01/08/2023,Putus
PS000241,175000,175000,175000,175000,09/10/2024,01/10/2024,Aktif
PS000242,175000,175000,175000,175000,07/10/2024,01/10/2024,Aktif
PS000243,175000,175000,175000,175000,10/10/2024,01/10/2024,Aktif
PS000244,0,0,0,0,17/01/2023,01/01/2023,Putus
PS000245,0,0,0,0,27/08/2023,01/08/2023,Putus
PS000246,175000,175000,175000,175000,26/10/2024,01/11/2024,Aktif
PS000247,165000,165000,165000,165000,07/10/2024,01/10/2024,Aktif
PS000248,0,0,0,0,28/08/2023,01/08/2023,Putus
PS000249,0,0,0,0,20/02/2024,01/02/2024,Putus
PS000250,175000,175000,175000,175000,13/10/2024,01/10/2024,Aktif
PS000251,0,0,0,0,10/08/2023,01/08/2023,Putus
PS000252,0,0,0,0,10/08/2023,01/08/2023,Putus
PS000253,0,175000,175000,175000,12/10/2024,01/10/2024,Aktif Kembali
PS000254,165000,165000,165000,165000,10/10/2024,01/10/2024,Aktif
PS000255,0,0,0,0,19/04/2023,01/04/2023,Putus
PS000256,0,0,0,0,11/05/2023,01/05/2023,Putus
PS000257,0,0,0,0,15/05/2023,01/05/2023,Putus
PS000258,0,0,0,0,04/11/2022,01/11/2022,Putus
PS000259,0,0,0,0,11/01/2024,01/01/2024,Putus
PS000260,0,0,0,0,09/01/2024,01/01/2024,Putus
PS000261,175000,175000,175000,175000,12/10/2024,01/10/2024,Aktif
PS000262,175000,175000,175000,175000,13/09/2024,01/09/2024,Aktif
PS000263,0,0,0,0,09/01/2023,01/01/2023,Putus
PS000264,0,0,0,0,07/07/2023,01/07/2023,Putus
PS000265,0,0,0,0,10/06/2023,01/06/2023,Putus
PS000266,175000,175000,175000,175000,10/10/2024,01/10/2024,Aktif
PS000267,165000,165000,165000,165000,01/10/2024,01/10/2024,Aktif
PS000268,175000,175000,175000,175000,07/10/2024,01/10/2024,Aktif
PS000269,0,0,0,0,18/12/2023,01/12/2023,Putus
PS000270,0,0,0,0,13/08/2023,01/08/2023,Putus
PS000271,175000,175000,175000,175000,10/10/2024,01/10/2024,Aktif
PS000272,0,0,0,0,15/11/2022,01/11/2022,Putus
PS000273,200000,200000,200000,200000,02/10/2024,01/10/2024,Aktif
PS000274,175000,175000,175000,175000,10/09/2024,01/09/2024,Aktif
PS000275,0,0,0,0,17/11/2022,01/11/2022,Putus
PS000276,175000,175000,175000,175000,09/10/2024,01/10/2024,Aktif
PS000277,0,0,0,0,01/08/2023,01/08/2023,Putus
PS000278,175000,175000,175000,175000,08/10/2024,01/10/2024,Aktif
PS000279,175000,175000,175000,175000,14/09/2024,01/09/2024,Aktif
PS000280,165000,165000,165000,165000,10/10/2024,01/10/2024,Aktif
PS000281,0,0,0,0,20/05/2024,01/05/2024,Putus
PS000282,175000,175000,175000,175000,01/11/2024,01/11/2024,Aktif
PS000283,0,0,0,0,11/01/2023,01/01/2023,Putus
PS000284,200000,200000,200000,200000,07/10/2024,01/10/2024,Aktif
PS000286,0,0,0,0,17/05/2023,01/05/2023,Putus
PS000287,150000,150000,150000,150000,13/10/2024,01/10/2024,Aktif
PS000288,0,0,0,0,10/01/2023,01/01/2023,Putus
PS000289,0,0,0,0,11/05/2023,01/05/2023,Putus
PS000290,175000,175000,175000,175000,10/10/2024,01/10/2024,Aktif
PS000291,175000,175000,175000,175000,08/10/2024,01/10/2024,Aktif
PS000292,225000,225000,225000,225000,11/10/2024,01/10/2024,Aktif
PS000293,175000,175000,175000,175000,01/11/2024,01/11/2024,Aktif
PS000294,165000,165000,165000,165000,07/10/2024,01/10/2024,Aktif
PS000295,175000,175000,175000,175000,10/09/2024,01/09/2024,Aktif
PS000296,165000,165000,165000,165000,09/10/2024,01/10/2024,Aktif
PS000297,0,0,0,0,13/10/2023,01/10/2023,Putus
PS000298,0,0,0,0,11/04/2023,01/04/2023,Putus
PS000299,175000,175000,175000,175000,10/10/2024,01/10/2024,Aktif
PS000300,0,0,0,0,17/04/2024,01/03/2024,Putus
PS000301,175000,175000,175000,175000,12/08/2024,01/08/2024,Aktif
PS000302,175000,175000,175000,175000,10/10/2024,01/10/2024,Aktif
PS000303,0,0,0,0,10/02/2024,01/02/2024,Putus
PS000304,175000,175000,175000,175000,08/10/2024,01/10/2024,Aktif
PS000305,0,0,0,0,18/05/2024,01/05/2024,Putus
PS000306,175000,175000,175000,175000,11/10/2024,01/10/2024,Aktif
PS000307,150000,150000,150000,150000,09/10/2024,01/10/2024,Aktif
PS000308,150000,150000,150000,150000,04/11/2024,01/11/2024,Aktif
PS000309,0,0,0,0,11/08/2023,01/08/2023,Putus
PS000310,0,0,0,0,11/04/2023,01/04/2023,Putus
PS000311,175000,175000,175000,175000,10/10/2024,01/10/2024,Aktif
PS000312,175000,175000,175000,175000,10/10/2024,01/10/2024,Aktif
PS000313,0,0,0,0,22/08/2023,01/08/2023,Putus
PS000314,150000,150000,150000,150000,10/10/2024,01/10/2024,Aktif
PS000315,0,0,175000,175000,10/10/2024,01/10/2024,Aktif Kembali
PS000316,175000,175000,175000,175000,10/10/2024,01/10/2024,Aktif
PS000317,175000,175000,175000,175000,10/10/2024,01/10/2024,Aktif
PS000318,0,0,0,0,11/10/2023,01/10/2023,Putus
PS000319,0,0,0,0,08/05/2023,01/05/2023,Putus
PS000320,0,0,0,0,13/02/2023,01/02/2023,Putus
PS000321,0,0,0,0,11/05/2023,01/05/2023,Putus
PS000322,150000,150000,150000,150000,03/11/2024,01/11/2024,Aktif
PS000323,175000,175000,175000,175000,12/10/2024,01/10/2024,Aktif
PS000324,150000,150000,150000,150000,11/10/2024,01/10/2024,Aktif
PS000325,175000,175000,175000,175000,11/10/2024,01/10/2024,Aktif
PS000326,225000,225000,225000,225000,11/10/2024,01/10/2024,Aktif
PS000327,0,0,0,0,02/02/2023,01/02/2023,Putus
PS000328,0,0,0,0,11/05/2023,01/05/2023,Putus
PS000329,0,0,0,0,21/07/2023,01/07/2023,Putus
PS000330,0,0,0,0,16/06/2023,01/06/2023,Putus
PS000331,165000,165000,165000,165000,10/10/2024,01/10/2024,Aktif
PS000332,0,0,0,0,11/03/2023,01/03/2023,Putus
PS000333,150000,150000,150000,150000,10/10/2024,01/10/2024,Aktif
PS000334,0,0,0,0,06/07/2023,01/07/2023,Putus
PS000335,200000,200000,200000,200000,04/11/2024,01/11/2024,Aktif
PS000336,150000,150000,150000,150000,02/11/2024,01/11/2024,Aktif
PS000337,175000,175000,175000,175000,08/10/2024,01/10/2024,Aktif
PS000338,0,0,0,0,09/03/2023,01/03/2023,Putus
PS000339,150000,150000,150000,150000,07/10/2024,01/10/2024,Aktif
PS000340,165000,165000,165000,165000,09/10/2024,01/10/2024,Aktif
PS000341,0,0,0,0,18/10/2023,01/08/2023,Putus
PS000342,150000,150000,150000,150000,10/10/2024,01/10/2024,Aktif
PS000343,0,0,0,0,11/05/2023,01/05/2023,Putus
PS000344,165000,165000,165000,165000,03/10/2024,01/10/2024,Aktif
PS000345,0,0,0,0,15/04/2024,01/04/2024,Putus
PS000346,0,0,0,0,10/06/2023,01/06/2023,Putus
PS000347,175000,175000,175000,175000,10/10/2024,01/10/2024,Aktif
PS000348,0,0,0,0,09/04/2024,01/04/2024,Putus
PS000349,0,0,0,0,10/07/2023,01/07/2023,Putus
PS000350,175000,175000,175000,175000,09/08/2024,01/08/2024,Aktif
PS000351,0,0,0,0,11/05/2023,01/05/2023,Putus
PS000352,0,0,0,0,07/06/2023,01/06/2023,Putus
PS000353,0,0,0,0,15/03/2024,01/03/2024,Putus
PS000354,150000,150000,150000,150000,08/10/2024,01/10/2024,Aktif
PS000355,0,0,0,0,12/05/2023,01/05/2023,Putus
PS000356,0,0,0,0,09/05/2023,01/05/2023,Putus
PS000357,0,0,0,0,12/08/2023,01/08/2023,Putus
PS000358,165000,165000,165000,165000,29/10/2024,01/11/2024,Aktif
PS000359,0,0,0,0,21/03/2023,01/03/2023,Putus
PS000360,165000,165000,165000,165000,26/10/2024,01/10/2024,Aktif
PS000361,0,0,0,0,12/05/2023,01/05/2023,Putus
PS000362,150000,150000,150000,150000,10/10/2024,01/10/2024,Aktif
PS000363,175000,175000,175000,175000,09/10/2024,01/10/2024,Aktif
PS000364,175000,175000,175000,175000,10/10/2024,01/10/2024,Aktif
PS000365,200000,200000,200000,200000,09/10/2024,01/10/2024,Aktif
PS000366,0,0,0,0,10/05/2023,01/05/2023,Putus
PS000367,175000,175000,175000,175000,10/10/2024,01/10/2024,Aktif
PS000368,150000,150000,150000,150000,12/10/2024,01/10/2024,Aktif
PS000369,150000,150000,150000,150000,01/10/2024,01/10/2024,Aktif
PS000370,150000,150000,150000,150000,04/10/2024,01/10/2024,Aktif
PS000371,0,0,0,0,01/11/2023,01/11/2023,Putus
PS000372,0,0,0,0,11/12/2023,01/12/2023,Putus
PS000373,175000,175000,175000,175000,13/10/2024,01/10/2024,Aktif
PS000374,0,0,0,0,18/04/2023,01/04/2023,Putus
PS000375,0,0,0,0,16/06/2024,01/06/2024,Putus
PS000376,175000,175000,175000,175000,10/10/2024,01/10/2024,Aktif
PS000377,165000,165000,165000,165000,10/10/2024,01/10/2024,Aktif
PS000378,165000,165000,165000,165000,01/11/2024,01/11/2024,Aktif
PS000379,200000,200000,200000,200000,07/10/2024,01/10/2024,Aktif
PS000380,200000,200000,200000,200000,07/10/2024,01/10/2024,Aktif
PS000381,200000,200000,200000,200000,10/10/2024,01/10/2024,Aktif
PS000382,150000,150000,150000,150000,10/10/2024,01/10/2024,Aktif
PS000383,0,0,0,0,06/07/2023,01/07/2023,Putus
PS000384,150000,150000,150000,150000,07/10/2024,01/10/2024,Aktif
PS000385,0,0,0,0,04/05/2023,01/05/2023,Putus
PS000386,150000,150000,150000,150000,10/10/2024,01/10/2024,Aktif
PS000387,0,0,0,0,10/06/2023,01/06/2023,Putus
PS000388,150000,150000,150000,150000,10/10/2024,01/10/2024,Aktif
PS000389,175000,175000,175000,175000,07/10/2024,01/10/2024,Aktif
PS000390,150000,150000,150000,150000,11/10/2024,01/10/2024,Aktif
PS000391,165000,0,0,0,11/07/2024,01/07/2024,Putus
PS000392,175000,175000,175000,175000,10/10/2024,01/10/2024,Aktif
PS000393,175000,175000,175000,175000,07/10/2024,01/10/2024,Aktif
PS000394,175000,175000,175000,175000,07/10/2024,01/10/2024,Aktif
PS000395,0,0,0,0,08/09/2023,01/09/2023,Putus
PS000396,175000,175000,175000,175000,10/10/2024,01/10/2024,Aktif
PS000397,0,0,0,0,26/09/2023,01/09/2023,Putus
PS000398,0,0,0,0,10/09/2023,01/09/2023,Putus
PS000399,0,0,0,0,15/05/2023,01/05/2023,Putus
PS000400,150000,150000,150000,150000,07/10/2024,01/10/2024,Aktif
PS000401,150000,150000,150000,150000,01/11/2024,01/11/2024,Aktif
PS000402,0,0,0,0,08/04/2024,01/04/2024,Putus
PS000403,150000,150000,150000,150000,04/10/2024,01/10/2024,Aktif
PS000404,150000,150000,150000,150000,08/10/2024,01/10/2024,Aktif
PS000405,150000,150000,150000,150000,02/11/2024,01/11/2024,Aktif
PS000406,0,0,0,0,17/05/2023,01/05/2023,Putus
PS000407,0,0,0,0,14/02/2024,01/02/2024,Putus
PS000408,0,0,0,0,20/06/2023,01/06/2023,Putus
PS000409,0,0,0,0,13/04/2024,01/04/2024,Putus
PS000410,175000,175000,175000,175000,04/11/2024,01/11/2024,Aktif
PS000411,165000,165000,165000,165000,02/10/2024,01/10/2024,Aktif
PS000412,150000,150000,150000,150000,10/09/2024,01/09/2024,Aktif
PS000413,165000,165000,165000,165000,11/10/2024,01/10/2024,Aktif
PS000414,225000,225000,225000,225000,10/10/2024,01/10/2024,Aktif
PS000415,0,0,0,0,10/08/2023,01/08/2023,Putus
PS000416,0,0,0,0,23/02/2024,01/02/2024,Putus
PS000417,175000,175000,175000,175000,05/10/2024,01/10/2024,Aktif
PS000418,150000,150000,150000,150000,01/11/2024,01/11/2024,Aktif
PS000419,175000,175000,175000,175000,09/10/2024,01/10/2024,Aktif
PS000420,150000,150000,150000,150000,11/10/2024,01/10/2024,Aktif
PS000421,150000,150000,150000,150000,08/10/2024,01/10/2024,Aktif
PS000422,150000,150000,150000,150000,04/11/2024,01/11/2024,Aktif
PS000423,0,0,0,0,21/07/2023,01/07/2023,Putus
PS000424,175000,175000,175000,175000,09/10/2024,01/10/2024,Aktif
PS000425,0,0,0,0,06/07/2023,01/07/2023,Putus
PS000426,150000,150000,150000,150000,08/10/2024,01/10/2024,Aktif
PS000427,0,0,0,0,12/09/2023,01/09/2023,Putus
PS000428,150000,150000,150000,150000,11/10/2024,01/10/2024,Aktif
PS000429,150000,150000,150000,150000,09/10/2024,01/10/2024,Aktif
PS000430,0,0,0,0,12/01/2024,01/01/2024,Putus
PS000431,150000,150000,150000,150000,10/10/2024,01/10/2024,Aktif
PS000432,200000,200000,200000,200000,07/10/2024,01/10/2024,Aktif
PS000433,200000,200000,200000,200000,14/10/2024,01/10/2024,Aktif
PS000434,0,0,0,0,10/10/2023,01/10/2023,Putus
PS000435,0,0,0,0,10/09/2023,01/09/2023,Putus
PS000436,165000,165000,165000,165000,10/10/2024,01/10/2024,Aktif
PS000437,200000,200000,200000,200000,10/10/2024,01/10/2024,Aktif
PS000438,0,0,0,0,04/03/2024,01/01/2024,Putus
PS000439,200000,200000,200000,200000,14/10/2024,01/10/2024,Aktif
PS000440,165000,165000,165000,165000,10/10/2024,01/10/2024,Aktif
PS000441,0,0,0,0,17/10/2023,01/10/2023,Putus
PS000442,0,0,0,0,06/11/2023,01/11/2023,Putus
PS000443,150000,150000,150000,150000,11/10/2024,01/10/2024,Aktif
PS000444,175000,175000,175000,175000,02/11/2024,01/11/2024,Aktif
PS000445,150000,150000,150000,150000,07/10/2024,01/10/2024,Aktif
PS000446,150000,150000,150000,150000,07/10/2024,01/10/2024,Aktif
PS000447,0,0,0,0,09/08/2023,01/08/2023,Putus
PS000448,0,0,0,0,08/10/2024,01/10/2024,Aktif
PS000449,165000,165000,165000,165000,08/10/2024,01/10/2024,Aktif
PS000450,0,0,0,0,12/08/2023,01/08/2023,Putus
PS000451,150000,150000,150000,0,10/09/2024,01/09/2024,Putus
PS000452,200000,200000,200000,200000,10/08/2024,01/08/2024,Aktif Kembali
PS000453,150000,150000,150000,150000,11/10/2024,01/10/2024,Aktif
PS000454,150000,150000,150000,150000,09/10/2024,01/10/2024,Aktif
PS000455,150000,150000,150000,150000,10/10/2024,01/10/2024,Aktif
PS000456,150000,150000,150000,150000,11/10/2024,01/10/2024,Aktif
PS000457,150000,150000,150000,150000,11/10/2024,01/10/2024,Aktif
PS000458,150000,150000,150000,150000,04/10/2024,01/10/2024,Aktif
PS000459,175000,175000,175000,175000,11/10/2024,01/10/2024,Aktif
PS000460,175000,175000,175000,175000,07/10/2024,01/10/2024,Aktif
PS000461,150000,150000,150000,150000,07/10/2024,01/10/2024,Aktif
PS000462,175000,175000,175000,175000,10/10/2024,01/10/2024,Aktif
PS000463,175000,175000,175000,175000,12/10/2024,01/10/2024,Aktif
PS000464,0,0,0,0,29/02/2024,01/12/2023,Putus
PS000465,175000,175000,175000,175000,10/10/2024,01/10/2024,Aktif
PS000466,150000,150000,150000,150000,05/09/2024,01/09/2024,Aktif
PS000467,150000,150000,150000,150000,10/10/2024,01/10/2024,Aktif
PS000468,175000,175000,175000,175000,13/10/2024,01/10/2024,Aktif
PS000469,150000,150000,150000,150000,10/10/2024,01/10/2024,Aktif
PS000470,175000,175000,175000,175000,10/10/2024,01/10/2024,Aktif
PS000471,150000,150000,150000,150000,07/10/2024,01/10/2024,Aktif
PS000472,0,0,0,0,04/09/2023,01/09/2023,Putus
PS000473,225000,225000,225000,225000,14/10/2024,01/10/2024,Aktif
PS000474,150000,150000,150000,150000,10/10/2024,01/10/2024,Aktif Kembali
PS000475,150000,150000,150000,150000,10/10/2024,01/10/2024,Aktif
PS000476,175000,175000,175000,175000,10/10/2024,01/10/2024,Aktif
PS000477,150000,150000,150000,150000,10/10/2024,01/10/2024,Aktif
PS000478,150000,150000,150000,150000,12/09/2024,01/09/2024,Aktif
PS000479,0,0,0,0,03/10/2023,01/10/2023,Putus
PS000480,150000,150000,150000,150000,09/10/2024,01/10/2024,Aktif
PS000481,0,0,0,0,26/03/2024,01/03/2024,Putus
PS000482,150000,150000,150000,150000,09/10/2024,01/10/2024,Aktif
PS000483,150000,150000,150000,150000,09/10/2024,01/10/2024,Aktif
PS000484,150000,150000,150000,150000,09/10/2024,01/10/2024,Aktif
PS000485,150000,150000,150000,150000,04/11/2024,01/11/2024,Aktif
PS000486,225000,225000,225000,225000,10/10/2024,01/10/2024,Aktif
PS000487,150000,150000,150000,150000,04/10/2024,01/10/2024,Aktif
PS000488,175000,0,0,0,20/07/2024,01/07/2024,Putus
PS000489,150000,150000,150000,150000,10/10/2024,01/10/2024,Aktif
PS000490,0,0,0,0,13/02/2024,01/02/2024,Putus
PS000491,0,0,0,0,18/08/2023,01/08/2023,Putus
PS000492,0,0,0,0,18/08/2023,01/08/2023,Putus
PS000493,0,0,0,0,18/08/2023,01/08/2023,Putus
PS000494,0,0,0,0,18/08/2023,01/08/2023,Putus
PS000495,0,0,0,0,18/08/2023,01/08/2023,Putus
PS000496,150000,150000,150000,150000,10/10/2024,01/10/2024,Aktif
PS000497,0,0,0,0,18/08/2023,01/08/2023,Putus
PS000498,0,0,0,0,18/08/2023,01/08/2023,Putus
PS000500,150000,150000,150000,150000,10/10/2024,01/10/2024,Aktif
PS000501,0,0,0,0,10/01/2024,01/01/2024,Putus
PS000502,0,0,0,0,13/10/2023,01/10/2023,Putus
PS000505,0,0,0,0,11/06/2024,01/06/2024,Putus
PS000506,150000,150000,150000,150000,15/10/2024,01/10/2024,Aktif
PS000507,175000,175000,175000,175000,11/10/2024,01/10/2024,Aktif
PS000508,175000,175000,175000,175000,01/11/2024,01/11/2024,Aktif
PS000510,0,0,0,0,07/11/2023,01/11/2023,Putus
PS000511,150000,150000,150000,150000,10/10/2024,01/10/2024,Aktif
PS000513,175000,175000,175000,175000,05/10/2024,01/10/2024,Aktif
PS000516,150000,150000,150000,150000,10/10/2024,01/10/2024,Aktif
PS000517,150000,150000,150000,150000,04/10/2024,01/10/2024,Aktif
PS000519,175000,175000,175000,175000,11/10/2024,01/10/2024,Aktif
PS000524,0,0,0,0,08/04/2024,01/04/2024,Putus
PS000525,175000,175000,175000,175000,01/11/2024,01/11/2024,Aktif
PS000526,150000,150000,150000,150000,03/11/2024,01/11/2024,Aktif
PS000527,175000,175000,175000,175000,09/10/2024,01/10/2024,Aktif
PS000528,175000,175000,175000,175000,10/10/2024,01/10/2024,Aktif
PS000529,175000,175000,175000,175000,10/10/2024,01/10/2024,Aktif
PS000530,175000,175000,175000,175000,10/10/2024,01/10/2024,Aktif
PS000531,150000,150000,150000,150000,10/10/2024,01/10/2024,Aktif
PS000532,150000,150000,150000,150000,04/10/2024,01/10/2024,Aktif
PS000533,150000,150000,150000,150000,05/10/2024,01/10/2024,Aktif
PS000534,150000,150000,150000,150000,07/10/2024,01/10/2024,Aktif
PS000535,175000,175000,175000,175000,07/10/2024,01/10/2024,Aktif
PS000536,150000,150000,150000,150000,11/10/2024,01/10/2024,Aktif
PS000537,325000,325000,325000,325000,07/10/2024,01/10/2024,Aktif
PS000538,325000,325000,325000,325000,07/10/2024,01/10/2024,Aktif
PS000539,175000,175000,175000,175000,12/10/2024,01/10/2024,Aktif
PS000540,150000,150000,150000,150000,09/10/2024,01/10/2024,Aktif
PS000541,150000,150000,150000,150000,09/10/2024,01/10/2024,Aktif
PS000542,225000,225000,225000,225000,11/10/2024,01/10/2024,Aktif
PS000543,150000,150000,150000,150000,10/10/2024,01/10/2024,Aktif
PS000544,175000,175000,175000,175000,10/10/2024,01/10/2024,Aktif
PS000545,0,0,0,0,09/05/2024,01/05/2024,Putus
PS000546,175000,175000,175000,175000,10/10/2024,01/10/2024,Aktif
PS000547,150000,150000,150000,0,09/09/2024,01/09/2024,Putus
PS000548,175000,175000,175000,175000,09/10/2024,01/10/2024,Aktif
PS000549,150000,150000,150000,150000,12/10/2024,01/10/2024,Aktif
PS000550,0,0,0,0,10/10/2023,01/10/2023,Putus
PS000551,175000,175000,175000,175000,09/10/2024,01/10/2024,Aktif
PS000552,175000,175000,175000,175000,08/10/2024,01/10/2024,Aktif
PS000553,150000,150000,150000,150000,06/10/2024,01/10/2024,Aktif
PS000554,175000,175000,175000,175000,09/10/2024,01/10/2024,Aktif
PS000555,150000,150000,150000,150000,15/10/2024,01/10/2024,Aktif
PS000556,150000,150000,150000,150000,10/10/2024,01/10/2024,Aktif
PS000557,175000,175000,175000,175000,05/10/2024,01/10/2024,Aktif
PS000558,150000,150000,150000,150000,09/10/2024,01/10/2024,Aktif
PS000559,150000,150000,150000,150000,10/10/2024,01/10/2024,Aktif
PS000560,150000,150000,150000,150000,10/10/2024,01/10/2024,Aktif
PS000561,175000,175000,175000,175000,08/10/2024,01/10/2024,Aktif
PS000562,175000,175000,175000,175000,10/10/2024,01/10/2024,Aktif
PS000563,150000,150000,150000,150000,10/10/2024,01/10/2024,Aktif
PS000564,0,0,0,0,10/10/2023,01/10/2023,Putus
PS000565,0,0,0,0,30/05/2024,01/05/2024,Putus
PS000566,150000,150000,150000,150000,11/10/2024,01/10/2024,Aktif
PS000567,150000,150000,150000,150000,10/10/2024,01/10/2024,Aktif
PS000568,150000,150000,150000,150000,10/10/2024,01/10/2024,Aktif
PS000570,150000,150000,150000,150000,07/10/2024,01/10/2024,Aktif
PS000571,150000,150000,150000,150000,11/10/2024,01/10/2024,Aktif
PS000572,150000,150000,150000,150000,11/10/2024,01/10/2024,Aktif
PS000573,0,0,0,0,03/02/2024,01/02/2024,Putus
PS000574,0,0,0,150000,11/10/2024,01/10/2024,Aktif Kembali
PS000575,150000,150000,150000,150000,10/10/2024,01/10/2024,Aktif
PS000576,175000,175000,175000,175000,04/10/2024,01/10/2024,Aktif
PS000577,175000,175000,175000,175000,04/10/2024,01/10/2024,Aktif
PS000578,150000,150000,150000,150000,08/10/2024,01/10/2024,Aktif
PS000579,175000,0,0,0,04/07/2024,01/07/2024,Putus
PS000580,150000,150000,150000,150000,09/10/2024,01/10/2024,Aktif
PS000581,150000,150000,150000,150000,04/10/2024,01/10/2024,Aktif
PS000582,175000,175000,175000,175000,04/11/2024,01/11/2024,Aktif
PS000583,175000,175000,175000,175000,10/10/2024,01/10/2024,Aktif
PS000584,175000,175000,175000,175000,08/10/2024,01/10/2024,Aktif
PS000585,175000,175000,175000,175000,10/10/2024,01/10/2024,Aktif
PS000586,0,0,0,0,12/12/2023,01/12/2023,Putus
PS000587,150000,150000,150000,150000,11/10/2024,01/10/2024,Aktif
PS000588,150000,150000,150000,150000,09/10/2024,01/10/2024,Aktif
PS000589,150000,150000,150000,150000,09/10/2024,01/10/2024,Aktif
PS000590,150000,150000,150000,150000,01/11/2024,01/11/2024,Aktif
PS000591,150000,0,0,0,20/07/2024,01/07/2024,Putus
PS000592,150000,150000,150000,150000,10/10/2024,01/10/2024,Aktif
PS000593,0,0,0,0,19/01/2024,01/01/2024,Putus
PS000594,0,0,150000,150000,10/10/2024,01/10/2024,Aktif Kembali
PS000595,150000,150000,150000,150000,10/10/2024,01/10/2024,Aktif
PS000596,150000,150000,150000,150000,09/10/2024,01/10/2024,Aktif
PS000597,150000,150000,150000,150000,07/10/2024,01/10/2024,Aktif
PS000598,175000,175000,175000,175000,05/10/2024,01/10/2024,Aktif
PS000599,175000,175000,175000,175000,08/10/2024,01/10/2024,Aktif
PS000600,175000,175000,175000,175000,11/10/2024,01/10/2024,Aktif
PS000601,0,0,0,0,10/12/2023,01/12/2023,Putus
PS000602,150000,150000,150000,150000,11/08/2024,01/08/2024,Aktif
PS000603,150000,150000,150000,150000,08/10/2024,01/10/2024,Aktif
PS000604,150000,150000,150000,150000,10/10/2024,01/10/2024,Aktif
PS000605,150000,150000,150000,150000,01/11/2024,01/11/2024,Aktif
PS000606,225000,225000,225000,225000,12/08/2024,01/08/2024,Aktif
PS000607,0,150000,150000,150000,23/09/2024,01/09/2024,Aktif Kembali
PS000608,150000,150000,150000,150000,07/10/2024,01/10/2024,Aktif
PS000609,150000,150000,150000,150000,03/10/2024,01/10/2024,Aktif
PS000610,0,0,0,0,09/05/2024,01/05/2024,Putus
PS000611,0,0,0,0,10/05/2024,01/05/2024,Putus
PS000612,225000,225000,225000,225000,10/10/2024,01/10/2024,Aktif
PS000613,225000,225000,225000,225000,10/10/2024,01/10/2024,Aktif
PS000614,175000,175000,175000,175000,12/08/2024,01/08/2024,Aktif
PS000615,175000,175000,175000,175000,10/10/2024,01/10/2024,Aktif
PS000616,150000,150000,150000,150000,07/10/2024,01/10/2024,Aktif
PS000617,150000,150000,150000,150000,11/10/2024,01/10/2024,Aktif
PS000618,0,0,0,0,10/06/2024,01/06/2024,Putus
PS000619,175000,175000,175000,175000,10/10/2024,01/10/2024,Aktif
PS000620,150000,150000,150000,150000,11/10/2024,01/10/2024,Aktif
PS000621,150000,150000,150000,150000,01/11/2024,01/11/2024,Aktif
PS000622,175000,175000,175000,175000,02/10/2024,01/10/2024,Aktif
PS000623,150000,150000,150000,150000,11/10/2024,01/10/2024,Aktif
PS000624,150000,150000,150000,150000,31/10/2024,01/11/2024,Aktif
PS000625,150000,150000,150000,150000,09/10/2024,01/10/2024,Aktif
PS000626,150000,0,0,0,10/07/2024,01/07/2024,Putus
PS000627,150000,150000,150000,150000,05/10/2024,01/10/2024,Aktif
PS000628,150000,150000,150000,150000,10/10/2024,01/10/2024,Aktif
PS000629,225000,225000,225000,225000,02/11/2024,01/11/2024,Aktif
PS000630,175000,175000,175000,175000,01/10/2024,01/10/2024,Aktif
PS000631,150000,150000,150000,150000,11/10/2024,01/10/2024,Aktif
PS000632,150000,150000,150000,150000,11/10/2024,01/10/2024,Aktif
PS000633,150000,150000,150000,150000,23/10/2024,01/10/2024,Aktif
PS000634,150000,150000,150000,150000,10/10/2024,01/10/2024,Aktif
PS000635,150000,150000,150000,150000,08/10/2024,01/10/2024,Aktif
PS000636,150000,150000,150000,150000,08/10/2024,01/10/2024,Aktif
PS000637,175000,175000,175000,175000,01/11/2024,01/11/2024,Aktif
PS000638,0,0,0,0,18/01/2024,01/01/2024,Putus
PS000639,175000,175000,175000,175000,09/10/2024,01/10/2024,Aktif
PS000640,0,0,0,0,10/03/2024,01/03/2024,Putus
PS000641,150000,150000,150000,150000,11/10/2024,01/10/2024,Aktif
PS000642,175000,175000,175000,175000,09/10/2024,01/10/2024,Aktif
PS000643,225000,225000,225000,225000,08/10/2024,01/10/2024,Aktif
PS000644,225000,225000,225000,225000,10/10/2024,01/10/2024,Aktif
PS000645,0,0,0,0,03/04/2024,01/04/2024,Putus
PS000646,150000,150000,150000,150000,10/10/2024,01/10/2024,Aktif
PS000647,150000,150000,150000,150000,10/10/2024,01/10/2024,Aktif
PS000648,150000,150000,150000,150000,10/10/2024,01/10/2024,Aktif
PS000649,150000,150000,150000,150000,10/10/2024,01/10/2024,Aktif
PS000650,150000,150000,150000,150000,11/10/2024,01/10/2024,Aktif
PS000651,150000,150000,150000,150000,10/10/2024,01/10/2024,Aktif
PS000652,175000,175000,175000,175000,10/10/2024,01/10/2024,Aktif
PS000653,175000,175000,175000,175000,10/10/2024,01/10/2024,Aktif
PS000654,175000,175000,175000,175000,10/10/2024,01/10/2024,Aktif
PS000655,225000,225000,225000,225000,05/10/2024,01/10/2024,Aktif
PS000656,0,0,0,0,06/03/2024,01/03/2024,Putus
PS000657,0,0,0,0,19/12/2023,01/12/2023,Putus
PS000658,150000,150000,150000,150000,08/10/2024,01/10/2024,Aktif
PS000659,150000,150000,150000,150000,04/10/2024,01/10/2024,Aktif
PS000660,150000,150000,150000,150000,10/10/2024,01/10/2024,Aktif
PS000661,175000,175000,175000,175000,10/10/2024,01/10/2024,Aktif
PS000664,150000,150000,150000,150000,10/10/2024,01/10/2024,Aktif
PS000665,175000,175000,175000,175000,10/10/2024,01/10/2024,Aktif
PS000666,150000,150000,150000,150000,10/10/2024,01/10/2024,Aktif
PS000667,150000,150000,150000,150000,11/10/2024,01/10/2024,Aktif
PS000668,150000,150000,150000,150000,09/10/2024,01/10/2024,Aktif
PS000669,150000,150000,150000,150000,01/11/2024,01/11/2024,Aktif
PS000670,175000,175000,175000,175000,14/10/2024,01/10/2024,Aktif
PS000671,175000,175000,175000,175000,02/10/2024,01/10/2024,Aktif
PS000672,225000,225000,225000,225000,11/10/2024,01/10/2024,Aktif
PS000673,150000,150000,150000,150000,02/11/2024,01/11/2024,Aktif
PS000674,150000,150000,150000,150000,06/10/2024,01/10/2024,Aktif
PS000675,175000,175000,175000,175000,10/10/2024,01/10/2024,Aktif
PS000676,150000,150000,150000,150000,10/10/2024,01/10/2024,Aktif
PS000677,150000,150000,150000,150000,02/10/2024,01/10/2024,Aktif
PS000678,175000,175000,175000,175000,09/10/2024,01/10/2024,Aktif
PS000679,150000,150000,150000,150000,10/10/2024,01/10/2024,Aktif
PS000680,150000,150000,150000,150000,08/10/2024,01/10/2024,Aktif
PS000681,150000,150000,150000,150000,10/10/2024,01/10/2024,Aktif
PS000682,150000,150000,150000,150000,08/10/2024,01/10/2024,Aktif
PS000683,150000,150000,150000,150000,10/10/2024,01/10/2024,Aktif
PS000684,150000,150000,150000,150000,09/10/2024,01/10/2024,Aktif
PS000685,150000,150000,150000,150000,10/10/2024,01/10/2024,Aktif
PS000686,175000,175000,175000,175000,09/09/2024,01/09/2024,Aktif
PS000687,0,0,0,150000,19/10/2024,01/10/2024,Aktif Kembali
PS000688,150000,150000,0,150000,01/10/2024,01/10/2024,Aktif Kembali
PS000689,150000,150000,150000,150000,11/10/2024,01/10/2024,Aktif
PS000690,150000,150000,150000,150000,13/10/2024,01/10/2024,Aktif
PS000691,175000,175000,175000,175000,03/10/2024,01/10/2024,Aktif
PS000692,150000,150000,150000,150000,04/11/2024,01/11/2024,Aktif
PS000693,150000,150000,150000,150000,05/10/2024,01/10/2024,Aktif
PS000694,150000,150000,150000,150000,03/10/2024,01/10/2024,Aktif
PS000695,150000,150000,150000,150000,10/10/2024,01/10/2024,Aktif
PS000696,0,0,0,0,03/05/2024,01/05/2024,Putus
PS000697,0,0,0,0,11/05/2024,01/05/2024,Putus
PS000698,150000,150000,150000,150000,11/10/2024,01/10/2024,Aktif
PS000699,150000,150000,150000,150000,05/10/2024,01/10/2024,Aktif
PS000700,225000,225000,225000,225000,02/10/2024,01/10/2024,Aktif
PS000701,175000,175000,175000,175000,04/11/2024,01/11/2024,Aktif
PS000702,150000,150000,150000,150000,29/10/2024,01/11/2024,Aktif
PS000703,150000,150000,150000,150000,15/10/2024,01/10/2024,Aktif
PS000704,0,0,0,0,11/05/2024,01/05/2024,Putus
PS000705,150000,150000,150000,150000,09/10/2024,01/10/2024,Aktif
PS000706,150000,150000,150000,150000,01/11/2024,01/11/2024,Aktif
PS000707,150000,150000,150000,150000,10/08/2024,01/08/2024,Aktif
PS000708,175000,175000,175000,175000,02/09/2024,01/09/2024,Aktif
PS000709,0,0,0,0,11/03/2024,01/03/2024,Putus
PS000710,225000,225000,225000,225000,10/10/2024,01/10/2024,Aktif
PS000711,150000,150000,150000,150000,05/10/2024,01/10/2024,Aktif
PS000712,150000,150000,150000,150000,08/10/2024,01/10/2024,Aktif
PS000713,150000,150000,150000,150000,11/08/2024,01/08/2024,Aktif
PS000714,150000,150000,150000,150000,08/10/2024,01/10/2024,Aktif
PS000715,150000,150000,150000,150000,07/10/2024,01/10/2024,Aktif
PS000716,150000,150000,150000,150000,03/11/2024,01/11/2024,Aktif
PS000717,150000,150000,150000,150000,11/08/2024,01/08/2024,Aktif
PS000718,175000,175000,175000,175000,07/10/2024,01/10/2024,Aktif
PS000719,150000,150000,150000,150000,08/10/2024,01/10/2024,Aktif
PS000720,150000,150000,150000,150000,11/09/2024,01/09/2024,Aktif
PS000721,150000,150000,150000,150000,10/10/2024,01/10/2024,Aktif
PS000722,175000,175000,175000,175000,10/10/2024,01/10/2024,Aktif
PS000723,0,0,0,0,24/04/2024,01/04/2024,Putus
PS000724,150000,150000,150000,150000,10/10/2024,01/10/2024,Aktif
PS000725,150000,150000,150000,150000,10/10/2024,01/10/2024,Aktif
PS000726,175000,175000,175000,175000,06/10/2024,01/10/2024,Aktif
PS000727,175000,175000,175000,175000,07/10/2024,01/10/2024,Aktif
PS000728,150000,150000,150000,150000,09/10/2024,01/10/2024,Aktif
PS000729,150000,150000,150000,150000,02/11/2024,01/11/2024,Aktif
PS000730,150000,150000,150000,150000,09/10/2024,01/10/2024,Aktif
PS000731,150000,150000,150000,150000,04/10/2024,01/10/2024,Aktif
PS000732,225000,225000,225000,225000,02/11/2024,01/11/2024,Aktif
PS000733,175000,175000,175000,175000,04/10/2024,01/10/2024,Aktif
PS000734,150000,150000,150000,150000,08/10/2024,01/10/2024,Aktif
PS000735,150000,150000,150000,150000,10/10/2024,01/10/2024,Aktif
PS000736,150000,150000,150000,150000,08/10/2024,01/10/2024,Aktif
PS000737,175000,175000,175000,175000,10/10/2024,01/10/2024,Aktif
PS000738,175000,175000,175000,175000,09/10/2024,01/10/2024,Aktif
PS000739,150000,150000,150000,150000,09/10/2024,01/10/2024,Aktif
PS000740,150000,150000,150000,150000,10/10/2024,01/10/2024,Aktif
PS000741,150000,150000,150000,150000,10/10/2024,01/10/2024,Aktif
PS000742,175000,175000,175000,175000,11/10/2024,01/10/2024,Aktif
PS000743,150000,150000,150000,150000,09/10/2024,01/10/2024,Aktif
PS000744,150000,150000,150000,150000,09/10/2024,01/10/2024,Putus
PS000745,150000,150000,150000,150000,10/10/2024,01/10/2024,Aktif
PS000746,225000,225000,225000,225000,01/11/2024,01/11/2024,Aktif
PS000747,0,0,0,0,26/02/2024,01/02/2024,Putus
PS000748,225000,225000,0,225000,04/11/2024,01/11/2024,Aktif Kembali
PS000749,175000,175000,175000,175000,11/10/2024,01/10/2024,Aktif
PS000750,175000,175000,175000,175000,11/10/2024,01/10/2024,Aktif
PS000751,150000,150000,150000,150000,11/10/2024,01/10/2024,Aktif
PS000752,0,0,0,0,03/04/2024,01/04/2024,Putus
PS000753,150000,150000,150000,150000,16/10/2024,01/10/2024,Aktif
PS000754,150000,150000,150000,150000,10/10/2024,01/10/2024,Aktif
PS000755,150000,150000,150000,150000,08/10/2024,01/10/2024,Aktif
PS000756,175000,175000,175000,175000,05/10/2024,01/10/2024,Aktif
PS000757,150000,150000,150000,150000,10/10/2024,01/10/2024,Aktif
PS000758,225000,225000,225000,225000,10/10/2024,01/10/2024,Aktif
PS000759,225000,225000,225000,225000,03/10/2024,01/10/2024,Aktif
PS000760,135000,135000,135000,135000,02/11/2024,01/11/2024,Aktif
PS000761,150000,150000,150000,150000,06/10/2024,01/10/2024,Aktif
PS000762,150000,150000,150000,150000,12/10/2024,01/10/2024,Aktif
PS000763,150000,150000,150000,150000,08/10/2024,01/10/2024,Aktif
PS000764,175000,175000,175000,175000,09/10/2024,01/10/2024,Aktif
PS000765,150000,150000,150000,150000,07/10/2024,01/10/2024,Aktif
PS000766,0,0,0,0,10/03/2024,01/03/2024,Putus
PS000767,175000,175000,175000,175000,10/10/2024,01/10/2024,Aktif
PS000768,325000,0,0,0,09/07/2024,01/07/2024,Putus
PS000769,150000,0,0,0,10/07/2024,01/07/2024,Putus
PS000770,150000,150000,150000,150000,11/10/2024,01/10/2024,Aktif
PS000771,150000,150000,150000,150000,08/10/2024,01/10/2024,Aktif
PS000772,150000,150000,150000,150000,12/10/2024,01/10/2024,Aktif
PS000773,150000,150000,150000,150000,08/10/2024,01/10/2024,Aktif
PS000774,150000,150000,150000,150000,07/10/2024,01/10/2024,Aktif
PS000775,0,0,0,0,15/03/2024,01/03/2024,Putus
PS000776,150000,150000,150000,150000,09/10/2024,01/10/2024,Aktif
PS000777,175000,175000,175000,175000,08/10/2024,01/10/2024,Aktif
PS000778,150000,150000,150000,0,08/09/2024,01/09/2024,Putus
PS000779,0,0,0,0,09/06/2024,01/06/2024,Putus
PS000780,175000,175000,175000,175000,12/10/2024,01/10/2024,Aktif
PS000781,150000,150000,150000,150000,08/10/2024,01/10/2024,Aktif
PS000782,150000,150000,150000,150000,10/10/2024,01/10/2024,Aktif
PS000783,135000,135000,135000,135000,03/11/2024,01/11/2024,Aktif
PS000784,150000,150000,150000,150000,09/10/2024,01/10/2024,Aktif
PS000785,0,0,0,0,04/06/2024,01/06/2024,Putus
PS000786,150000,150000,150000,150000,11/10/2024,01/10/2024,Aktif
PS000787,0,0,0,0,16/06/2024,01/06/2024,Putus
PS000788,175000,175000,175000,175000,10/09/2024,01/09/2024,Aktif
PS000789,175000,175000,175000,175000,02/11/2024,01/11/2024,Aktif
PS000790,150000,150000,150000,150000,06/10/2024,01/10/2024,Aktif
PS000791,175000,175000,175000,175000,10/10/2024,01/10/2024,Aktif
PS000792,150000,150000,0,0,22/08/2024,01/08/2024,Putus
PS000793,150000,150000,150000,150000,10/10/2024,01/10/2024,Aktif
PS000794,225000,225000,225000,225000,04/09/2024,01/09/2024,Aktif
PS000795,150000,150000,150000,150000,10/10/2024,01/10/2024,Aktif
PS000796,150000,150000,150000,150000,06/10/2024,01/10/2024,Aktif
PS000797,150000,150000,150000,150000,02/11/2024,01/11/2024,Aktif
PS000798,150000,150000,150000,150000,08/10/2024,01/10/2024,Aktif
PS000799,0,0,0,0,09/05/2024,01/05/2024,Putus
PS000800,150000,150000,150000,150000,10/10/2024,01/10/2024,Aktif
PS000801,150000,150000,150000,150000,08/10/2024,01/10/2024,Aktif
PS000802,150000,150000,150000,150000,04/10/2024,01/10/2024,Aktif
PS000803,150000,150000,150000,150000,10/10/2024,01/10/2024,Aktif
PS000804,150000,150000,150000,150000,09/10/2024,01/10/2024,Aktif
PS000806,150000,150000,150000,150000,10/10/2024,01/10/2024,Aktif
PS000807,150000,150000,150000,150000,04/10/2024,01/10/2024,Aktif
PS000808,150000,150000,150000,150000,21/10/2024,01/10/2024,Aktif
PS000809,150000,150000,150000,150000,28/10/2024,01/10/2024,Aktif
PS000811,150000,150000,150000,150000,15/10/2024,01/10/2024,Aktif
PS000812,150000,150000,150000,150000,04/10/2024,01/10/2024,Aktif
PS000813,150000,150000,150000,150000,11/10/2024,01/10/2024,Aktif
PS000814,150000,150000,150000,150000,07/10/2024,01/10/2024,Aktif
PS000815,150000,150000,150000,150000,10/10/2024,01/10/2024,Aktif
PS000816,325000,325000,325000,325000,12/10/2024,01/10/2024,Aktif
PS000817,150000,150000,150000,150000,11/10/2024,01/10/2024,Aktif
PS000818,135000,135000,135000,135000,10/10/2024,01/10/2024,Aktif
PS000819,150000,150000,0,0,01/08/2024,01/08/2024,Putus
PS000820,150000,150000,150000,150000,09/10/2024,01/10/2024,Aktif
PS000821,175000,175000,175000,175000,12/10/2024,01/10/2024,Aktif
PS000822,0,0,0,0,06/06/2024,01/06/2024,Putus
PS000823,150000,150000,150000,150000,12/09/2024,01/09/2024,Aktif
PS000824,150000,150000,150000,150000,11/10/2024,01/10/2024,Aktif
PS000825,185000,185000,185000,185000,04/11/2024,01/11/2024,Aktif
PS000826,150000,150000,150000,150000,06/10/2024,01/10/2024,Aktif
PS000827,150000,150000,150000,150000,09/10/2024,01/10/2024,Aktif
PS000828,175000,175000,175000,175000,08/10/2024,01/10/2024,Aktif
PS000829,150000,150000,150000,150000,09/10/2024,01/10/2024,Aktif
PS000830,175000,175000,175000,175000,08/10/2024,01/10/2024,Aktif
PS000831,150000,150000,150000,150000,08/10/2024,01/10/2024,Aktif
PS000832,150000,150000,150000,150000,10/10/2024,01/10/2024,Aktif
PS000833,150000,150000,150000,150000,11/10/2024,01/10/2024,Aktif
PS000834,150000,150000,150000,150000,08/10/2024,01/10/2024,Aktif
PS000835,150000,150000,150000,150000,09/10/2024,01/10/2024,Aktif
PS000836,150000,150000,150000,150000,09/10/2024,01/10/2024,Aktif
PS000837,150000,150000,150000,150000,10/10/2024,01/10/2024,Aktif
PS000838,150000,150000,150000,150000,10/10/2024,01/10/2024,Aktif
PS000839,150000,150000,150000,150000,11/10/2024,01/10/2024,Aktif
PS000840,150000,150000,150000,150000,10/10/2024,01/10/2024,Aktif
PS000841,150000,150000,150000,150000,03/11/2024,01/11/2024,Aktif
PS000842,150000,150000,150000,150000,13/10/2024,01/10/2024,Aktif
PS000843,150000,150000,150000,150000,09/10/2024,01/10/2024,Aktif
PS000845,175000,175000,175000,175000,10/10/2024,01/10/2024,Aktif
PS000846,325000,325000,325000,325000,08/10/2024,01/10/2024,Aktif
PS000847,150000,150000,150000,150000,10/10/2024,01/10/2024,Aktif
PS000848,150000,150000,150000,150000,09/10/2024,01/10/2024,Aktif
PS000849,150000,150000,150000,150000,15/10/2024,01/10/2024,Aktif
PS000850,150000,150000,150000,150000,08/10/2024,01/10/2024,Aktif
PS000851,150000,150000,150000,150000,10/10/2024,01/10/2024,Aktif
PS000852,150000,150000,150000,150000,08/10/2024,01/10/2024,Aktif
PS000853,175000,175000,175000,175000,10/10/2024,01/10/2024,Aktif
PS000854,150000,150000,150000,150000,10/10/2024,01/10/2024,Aktif
PS000855,150000,150000,150000,150000,10/10/2024,01/10/2024,Aktif
PS000856,150000,150000,150000,150000,21/10/2024,01/10/2024,Aktif
PS000857,150000,150000,150000,150000,14/10/2024,01/10/2024,Aktif
PS000858,150000,150000,150000,150000,07/10/2024,01/10/2024,Aktif
PS000859,150000,150000,150000,150000,03/10/2024,01/10/2024,Aktif
PS000860,150000,150000,150000,150000,01/11/2024,01/11/2024,Aktif
PS000861,150000,150000,150000,150000,03/10/2024,01/10/2024,Aktif
PS000862,135000,135000,135000,135000,10/10/2024,01/10/2024,Aktif
PS000863,150000,150000,150000,150000,10/10/2024,01/10/2024,Aktif
PS000864,150000,150000,150000,150000,10/10/2024,01/10/2024,Aktif
PS000866,185000,185000,185000,185000,08/10/2024,01/10/2024,Aktif
PS000867,175000,175000,175000,175000,10/10/2024,01/10/2024,Aktif
PS000868,150000,150000,150000,150000,02/11/2024,01/11/2024,Aktif
PS000869,185000,185000,185000,185000,07/10/2024,01/10/2024,Aktif
PS000870,150000,150000,150000,150000,08/10/2024,01/10/2024,Aktif
PS000871,150000,150000,150000,150000,08/10/2024,01/10/2024,Aktif
PS000872,175000,175000,175000,175000,02/11/2024,01/11/2024,Aktif
PS000873,175000,175000,175000,175000,01/11/2024,01/11/2024,Aktif
PS000874,150000,150000,150000,150000,10/10/2024,01/10/2024,Aktif
PS000875,150000,150000,150000,150000,02/10/2024,01/10/2024,Aktif
PS000876,150000,150000,150000,150000,09/10/2024,01/10/2024,Aktif
PS000877,150000,150000,150000,150000,12/10/2024,01/10/2024,Aktif
PS000878,150000,150000,150000,150000,12/10/2024,01/10/2024,Aktif
PS000879,150000,0,0,0,10/07/2024,01/07/2024,Putus
PS000880,150000,150000,150000,150000,09/10/2024,01/10/2024,Aktif
PS000881,150000,150000,150000,150000,11/10/2024,01/10/2024,Aktif
PS000882,150000,150000,150000,0,09/09/2024,01/09/2024,Putus
PS000883,150000,150000,150000,150000,01/11/2024,01/11/2024,Aktif
PS000884,150000,150000,150000,150000,09/10/2024,01/10/2024,Aktif
PS000885,150000,150000,150000,150000,10/10/2024,01/10/2024,Aktif
PS000886,150000,150000,150000,150000,11/09/2024,01/09/2024,Aktif
PS000887,150000,150000,150000,150000,09/10/2024,01/10/2024,Aktif
PS000888,150000,150000,150000,150000,10/10/2024,01/10/2024,Aktif
PS000889,135000,135000,135000,135000,04/11/2024,01/11/2024,Aktif
PS000890,150000,150000,150000,150000,08/10/2024,01/10/2024,Aktif
PS000891,150000,150000,150000,150000,09/10/2024,01/10/2024,Aktif
PS000892,175000,175000,175000,175000,13/10/2024,01/10/2024,Aktif
PS000893,150000,150000,150000,150000,23/09/2024,01/09/2024,Aktif
PS000894,175000,175000,175000,175000,08/10/2024,01/10/2024,Aktif
PS000895,150000,150000,150000,150000,09/10/2024,01/10/2024,Aktif
PS000896,175000,175000,175000,175000,02/11/2024,01/11/2024,Aktif
PS000897,150000,150000,150000,150000,08/10/2024,01/10/2024,Aktif
PS000898,150000,150000,150000,150000,10/10/2024,01/10/2024,Aktif
PS000899,150000,150000,150000,150000,05/10/2024,01/10/2024,Aktif
PS000900,175000,175000,175000,175000,01/11/2024,01/11/2024,Aktif
PS000901,150000,150000,150000,150000,01/10/2024,01/10/2024,Aktif
PS000902,225000,225000,225000,225000,07/10/2024,01/10/2024,Aktif
PS000903,150000,150000,150000,150000,07/10/2024,01/10/2024,Aktif
PS000904,175000,175000,175000,175000,05/10/2024,01/10/2024,Aktif
PS000905,150000,150000,150000,150000,09/10/2024,01/10/2024,Aktif
PS000906,150000,150000,150000,150000,09/10/2024,01/10/2024,Aktif
PS000907,150000,150000,150000,150000,04/11/2024,01/11/2024,Aktif
PS000908,150000,150000,150000,150000,10/10/2024,01/10/2024,Aktif
PS000909,150000,150000,150000,150000,09/10/2024,01/10/2024,Aktif
PS000910,150000,150000,150000,150000,05/10/2024,01/10/2024,Aktif
PS000911,150000,150000,150000,150000,09/10/2024,01/10/2024,Aktif
PS000912,150000,150000,150000,150000,01/10/2024,01/10/2024,Aktif
PS000913,150000,150000,150000,150000,10/10/2024,01/10/2024,Aktif
PS000914,150000,150000,150000,150000,10/10/2024,01/10/2024,Aktif
PS000915,175000,175000,175000,175000,10/10/2024,01/10/2024,Aktif
PS000916,150000,150000,150000,150000,29/10/2024,01/11/2024,Aktif
PS000917,135000,135000,135000,135000,03/10/2024,01/10/2024,Aktif
PS000918,185000,185000,185000,185000,10/10/2024,01/10/2024,Aktif
PS000919,175000,175000,175000,175000,13/10/2024,01/10/2024,Aktif
PS000920,150000,150000,150000,150000,02/11/2024,01/11/2024,Aktif
PS000921,175000,175000,175000,175000,07/10/2024,01/10/2024,Aktif
PS000922,175000,175000,175000,175000,09/10/2024,01/10/2024,Aktif
PS000923,150000,150000,150000,150000,08/10/2024,01/10/2024,Aktif
PS000924,150000,150000,150000,150000,01/11/2024,01/11/2024,Aktif
PS000925,150000,150000,150000,150000,10/10/2024,01/10/2024,Aktif
PS000926,150000,150000,150000,150000,08/10/2024,01/10/2024,Aktif
PS000927,225000,225000,225000,225000,23/10/2024,01/10/2024,Aktif
PS000928,150000,150000,150000,150000,10/10/2024,01/10/2024,Aktif
PS000929,175000,175000,175000,175000,10/10/2024,01/10/2024,Aktif
PS000930,150000,150000,150000,150000,26/10/2024,01/11/2024,Aktif
PS000931,150000,150000,150000,150000,10/10/2024,01/10/2024,Aktif
PS000932,150000,150000,150000,150000,10/10/2024,01/10/2024,Aktif
PS000933,175000,175000,175000,175000,01/11/2024,01/11/2024,Aktif
PS000934,150000,150000,150000,150000,02/10/2024,01/10/2024,Aktif
PS000935,150000,150000,150000,150000,10/10/2024,01/10/2024,Aktif
PS000936,150000,150000,150000,150000,12/10/2024,01/10/2024,Aktif
PS000937,175000,175000,175000,175000,08/10/2024,01/10/2024,Aktif
PS000938,150000,150000,150000,150000,01/11/2024,01/11/2024,Aktif
PS000939,150000,150000,150000,150000,10/10/2024,01/10/2024,Aktif
PS000940,175000,175000,175000,175000,02/11/2024,01/11/2024,Aktif
PS000941,175000,175000,175000,175000,04/11/2024,01/11/2024,Aktif
PS000942,150000,150000,150000,150000,09/10/2024,01/10/2024,Aktif
PS000943,150000,150000,150000,150000,10/10/2024,01/10/2024,Aktif
PS000944,175000,175000,175000,175000,04/11/2024,01/11/2024,Aktif
PS000945,225000,225000,225000,225000,10/10/2024,01/10/2024,Aktif
PS000946,150000,150000,150000,150000,04/10/2024,01/10/2024,Aktif
PS000947,135000,135000,135000,135000,10/10/2024,01/10/2024,Aktif
PS000948,325000,325000,325000,325000,09/10/2024,01/10/2024,Aktif
PS000949,135000,135000,135000,135000,10/10/2024,01/10/2024,Aktif
PS000950,225000,225000,225000,225000,10/10/2024,01/10/2024,Aktif
PS000951,150000,150000,150000,150000,06/10/2024,01/10/2024,Aktif
PS000952,150000,150000,150000,150000,04/11/2024,01/11/2024,Aktif
PS000953,135000,135000,135000,135000,08/10/2024,01/10/2024,Aktif
PS000954,175000,175000,175000,175000,10/10/2024,01/10/2024,Aktif
PS000955,150000,150000,150000,150000,10/10/2024,01/10/2024,Aktif
PS000956,225000,225000,225000,225000,02/10/2024,01/10/2024,Aktif
PS000957,175000,175000,175000,175000,09/10/2024,01/10/2024,Aktif
PS000958,150000,150000,150000,150000,07/10/2024,01/10/2024,Aktif
PS000959,150000,150000,150000,150000,04/11/2024,01/11/2024,Aktif
PS000960,150000,150000,150000,150000,10/10/2024,01/10/2024,Aktif
PS000961,150000,150000,150000,150000,06/10/2024,01/10/2024,Aktif
PS000962,150000,150000,150000,150000,14/10/2024,01/10/2024,Aktif
PS000963,175000,175000,175000,175000,11/09/2024,01/09/2024,Aktif
PS000964,175000,175000,175000,175000,02/11/2024,01/11/2024,Aktif
PS000965,225000,225000,225000,225000,04/10/2024,01/10/2024,Aktif
PS000966,135000,135000,135000,135000,10/10/2024,01/10/2024,Aktif
PS000967,135000,135000,135000,135000,01/10/2024,01/10/2024,Aktif
PS000968,150000,150000,150000,150000,10/10/2024,01/10/2024,Aktif
PS000969,150000,150000,150000,150000,10/10/2024,01/10/2024,Aktif
PS000970,135000,135000,135000,135000,07/10/2024,01/10/2024,Aktif
PS000971,135000,135000,135000,135000,07/10/2024,01/10/2024,Aktif
PS000972,185000,185000,185000,185000,01/11/2024,01/11/2024,Aktif
PS000973,175000,175000,175000,175000,02/10/2024,01/10/2024,Aktif
PS000974,150000,150000,150000,150000,10/10/2024,01/10/2024,Aktif
PS000975,150000,150000,150000,150000,30/09/2024,01/10/2024,Aktif
PS000976,175000,175000,175000,175000,10/10/2024,01/10/2024,Aktif
PS000977,150000,150000,150000,150000,07/10/2024,01/10/2024,Aktif
PS000978,150000,150000,150000,150000,09/10/2024,01/10/2024,Aktif
PS000979,150000,150000,150000,150000,02/11/2024,01/11/2024,Aktif
PS000980,175000,175000,175000,175000,08/10/2024,01/10/2024,Aktif
PS000981,135000,135000,135000,135000,09/10/2024,01/10/2024,Aktif
PS000982,175000,175000,175000,175000,09/10/2024,01/10/2024,Aktif
PS000983,175000,175000,175000,175000,01/10/2024,01/10/2024,Aktif
PS000984,175000,175000,175000,175000,14/09/2024,01/09/2024,Aktif
PS000985,175000,175000,175000,175000,02/11/2024,01/11/2024,Aktif
PS000986,175000,175000,175000,175000,01/11/2024,01/11/2024,Aktif
PS000987,150000,150000,150000,150000,10/10/2024,01/10/2024,Aktif
PS000988,150000,150000,150000,150000,11/10/2024,01/10/2024,Aktif
PS000989,225000,225000,225000,225000,09/10/2024,01/10/2024,Aktif
PS000990,225000,225000,225000,225000,20/09/2024,01/09/2024,Aktif
PS000991,175000,175000,175000,175000,01/10/2024,01/10/2024,Aktif
PS000992,175000,175000,175000,175000,11/10/2024,01/10/2024,Aktif
PS000993,150000,150000,150000,150000,08/10/2024,01/10/2024,Aktif
PS000994,150000,150000,150000,150000,07/10/2024,01/10/2024,Aktif
PS000995,150000,150000,150000,150000,10/10/2024,01/10/2024,Aktif
PS000996,150000,150000,150000,150000,11/10/2024,01/10/2024,Aktif
PS000997,150000,150000,150000,150000,10/10/2024,01/10/2024,Aktif
PS000998,225000,225000,225000,225000,01/11/2024,01/11/2024,Aktif
PS000999,175000,175000,175000,175000,02/11/2024,01/11/2024,Aktif
PS001000,150000,150000,150000,150000,02/10/2024,01/10/2024,Aktif
PS001001,175000,175000,175000,175000,01/11/2024,01/11/2024,Aktif
PS001002,150000,150000,150000,150000,01/11/2024,01/11/2024,Aktif
PS001003,175000,175000,175000,175000,03/10/2024,01/10/2024,Aktif
PS001004,175000,175000,175000,175000,09/10/2024,01/10/2024,Aktif
PS001005,175000,175000,175000,175000,09/10/2024,01/10/2024,Aktif
PS001006,175000,175000,175000,175000,10/10/2024,01/10/2024,Aktif
PS001007,150000,150000,150000,150000,14/10/2024,01/10/2024,Aktif
PS001008,0,225000,225000,225000,16/10/2024,01/10/2024,Aktif
PS001009,0,150000,150000,150000,17/10/2024,01/10/2024,Aktif
PS001010,0,150000,150000,150000,18/10/2024,01/10/2024,Aktif
PS001011,0,150000,150000,150000,01/11/2024,01/11/2024,Aktif
PS001012,0,0,175000,175000,01/11/2024,01/11/2024,Aktif
PS001013,0,0,150000,150000,26/10/2024,01/10/2024,Aktif
PS001014,0,0,0,150000,26/10/2024,01/10/2024,Aktif
PS001015,0,0,0,150000,31/10/2024,01/10/2024,Aktif
PS001016,0,0,0,135000,31/10/2024,01/11/2024,Aktif
PS001017,0,0,0,150000,31/10/2024,01/10/2024,Aktif
PS001018,0,0,0,150000,31/10/2024,01/10/2024,Aktif
PS001019,0,0,0,150000,04/11/2024,01/11/2024,Aktif
